{
	"$schema": "http://json-schema.org/draft-07/schema#",
  "definitions": {
    
    
    "license": {
      "id": "#license",
      "title": "License",
      "description": "A license form",
      "type": "object",
      "properties": {
        "licenseName": {
          "description": "The title of the license",
          "type": "string"
        },
        "requester": {
          "description": "the requester name",
          "type": "string"
        },
        "requesterID": {
          "description": "the requester ID",
          "type": "string"
        },
        "companyName": {
          "description": "the requester company name",
          "type": "string"
        },
        "companyAdress": {
          "description": "the requester company adress",
          "type": "string"
        },
        "description": {
          "description": "some description about the license",
          "type": "string"
        },
         "status": {
          "description": "the status of the license",
          "type": "string"
        }
      },
      "required": [

      ],
      "additionalProperties": false
    }
  }
}