{
  "$schema": "http://json-schema.org/draft-07/schema#",
  "definitions": {

    
    "user": {
      "$id": "#user",
      "title": "User",
      "description": "Data to register a new user.",
      "type": "object",
      "properties": {
        "firstName": {
          "description": "First name",
          "type": "string"
        },
        "lastName": {
          "description": "Last name",
          "type": "string"
        },
        "email": {
          "description": "Unique email address",
          "type": "string",
          "format": "email"
        },
        "userName": {
          "description": "Unique username",
          "type": "string",
          "minLength": 3
        },
        "password": {
          "description": "Password for registration",
          "type": "string",
          "minLength": 6
        },
         "saltedPassword": {
          "description": "Password for registration",
          "type": "string",
          "minLength": 6
        },
        "phoneNo": {
          "description": "Phone Number for registration",
          "type": "string",
          "minLength": 6
        }
      },
      "required": ["userName", "email", "password"],
      "additionalProperties": false
    },

    
    
    "updateUser": {
      "$id": "#updateUser",
      "title": "update user",
      "description": "Data a user can update (excludes username).",
      "type": "object",
      "properties": {
        "firstName": {
          "description": "First name",
          "type": "string"
        },
        "lastName": {
          "description": "Last name",
          "type": "string"
        },
        "email": {
          "description": "Unique email address",
          "type": "string",
          "format": "email"
        },
        "password": {
          "description": "Password for registration",
          "type": "string",
          "minLength": 6
        }
      },
      "additionalProperties": false
    },
    
    
    "userList": {
      "$id": "#userList",
      "title": "User List",
      "description": "List of all users visible to admin only.",
      "type": "array",
      "items": {"$ref": "#/definitions/userView"}
    },
    
    
    "userUpdated": {
      "$id": "#userUpdated",
      "title": "User Updated",
      "description": "Confirmation of a successful user update/creation",
      "type": "object",
      "properties": {
        "ID": {
          "description": "ID of the updated user record",
          "type": "integer"
        },
        "updated": {
          "description": "Boolean indicator of success",
          "type": "boolean"
        },
        "link": {
          "description": "Path to retrieve user record",
          "type": "string",
          "format": "uri"
        }
      }
    },
    
    
    "userDeleted": {
      "$id": "#userDeleted",
      "title": "User Deleted",
      "description": "Confirmation of a successful deletion",
      "type": "object",
      "properties": {
        "ID": {
          "description": "ID of the updated user record",
          "type": "integer"
        },
        "deleted": {
          "description": "Boolean indicator of success",
          "type": "boolean"
        }
      }
    }
  }
}
