{
	"1": {
		"id": 1,
		"title": "Article 1",
		"allText": "Morbi vehicula augue mi, sed vestibulum turpis tempor vitae. Sed vitae tortor non eros suscipit rutrum ut nec nunc. Duis sed enim et lacus finibus dictum. Nulla lacinia euismod est. Mauris gravida gravida magna, a faucibus arcu vestibulum id. Donec id massa ut mauris mollis sodales. Aenean eget nisl urna. Donec risus orci, pharetra vel placerat nec, gravida at lacus.\nIn hac habitasse platea dictumst. Phasellus viverra nisl vitae iaculis commodo. Phasellus commodo massa eu est tincidunt posuere. Nullam pellentesque lacinia pharetra.",
		"imgURL": "https://picsum.photos/id/1044/400",
		"likes": 14,
		"comments": 4,
		"pinned": false,
		"liked": true
	},
	"2": {
		"id": 2,
		"title": "Article 2",
		"allText": "Morbi vehicula augue mi, sed vestibulum turpis tempor vitae. Sed vitae tortor non eros suscipit rutrum ut nec nunc. Duis sed enim et lacus finibus dictum. Nulla lacinia euismod est. Mauris gravida gravida magna, a faucibus arcu vestibulum id. Donec id massa ut mauris mollis sodales. Aenean eget nisl urna. Donec risus orci, pharetra vel placerat nec, gravida at lacus.\nIn hac habitasse platea dictumst. Phasellus viverra nisl vitae iaculis commodo. Phasellus commodo massa eu est tincidunt posuere. Nullam pellentesque lacinia pharetra.",
		"imgURL": "https://picsum.photos/id/1045/400",
		"likes": 5,
		"comments": 3,
		"pinned": true,
		"liked": false
	},
	"3": {
		"id": 3,
		"title": "Article 3",
		"allText": "Morbi vehicula augue mi, sed vestibulum turpis tempor vitae. Sed vitae tortor non eros suscipit rutrum ut nec nunc. Duis sed enim et lacus finibus dictum. Nulla lacinia euismod est. Mauris gravida gravida magna, a faucibus arcu vestibulum id. Donec id massa ut mauris mollis sodales. Aenean eget nisl urna. Donec risus orci, pharetra vel placerat nec, gravida at lacus.\nIn hac habitasse platea dictumst. Phasellus viverra nisl vitae iaculis commodo. Phasellus commodo massa eu est tincidunt posuere. Nullam pellentesque lacinia pharetra.",
		"imgURL": "https://picsum.photos/id/1051/400",
		"likes": 7,
		"comments": 2,
		"pinned": false,
		"liked": false
	},
	"4": {
		"id": 4,
		"title": "Article 4",
		"allText": "Morbi vehicula augue mi, sed vestibulum turpis tempor vitae. Sed vitae tortor non eros suscipit rutrum ut nec nunc. Duis sed enim et lacus finibus dictum. Nulla lacinia euismod est. Mauris gravida gravida magna, a faucibus arcu vestibulum id. Donec id massa ut mauris mollis sodales. Aenean eget nisl urna. Donec risus orci, pharetra vel placerat nec, gravida at lacus.\nIn hac habitasse platea dictumst. Phasellus viverra nisl vitae iaculis commodo. Phasellus commodo massa eu est tincidunt posuere. Nullam pellentesque lacinia pharetra.",
		"imgURL": "https://picsum.photos/id/1047/400",
		"likes": 14,
		"comments": 4,
		"pinned": true,
		"liked": true
	},
	"5": {
		"id": 5,
		"title": "Article 5",
		"allText": "Morbi vehicula augue mi, sed vestibulum turpis tempor vitae. Sed vitae tortor non eros suscipit rutrum ut nec nunc. Duis sed enim et lacus finibus dictum. Nulla lacinia euismod est. Mauris gravida gravida magna, a faucibus arcu vestibulum id. Donec id massa ut mauris mollis sodales. Aenean eget nisl urna. Donec risus orci, pharetra vel placerat nec, gravida at lacus.\nIn hac habitasse platea dictumst. Phasellus viverra nisl vitae iaculis commodo. Phasellus commodo massa eu est tincidunt posuere. Nullam pellentesque lacinia pharetra.",
		"imgURL": "https://picsum.photos/id/1048/400",
		"likes": 5,
		"comments": 3,
		"pinned": false,
		"liked": false
	},
	"6": {
		"id": 6,
		"title": "Article 6",
		"allText": "Morbi vehicula augue mi, sed vestibulum turpis tempor vitae. Sed vitae tortor non eros suscipit rutrum ut nec nunc. Duis sed enim et lacus finibus dictum. Nulla lacinia euismod est. Mauris gravida gravida magna, a faucibus arcu vestibulum id. Donec id massa ut mauris mollis sodales. Aenean eget nisl urna. Donec risus orci, pharetra vel placerat nec, gravida at lacus.\nIn hac habitasse platea dictumst. Phasellus viverra nisl vitae iaculis commodo. Phasellus commodo massa eu est tincidunt posuere. Nullam pellentesque lacinia pharetra.",
		"imgURL": "https://picsum.photos/id/1049/400",
		"likes": 7,
		"comments": 2,
		"pinned": false,
		"liked": false
	},
	"7": {
		"id": 7,
		"title": "Article 7",
		"allText": "Morbi vehicula augue mi, sed vestibulum turpis tempor vitae. Sed vitae tortor non eros suscipit rutrum ut nec nunc. Duis sed enim et lacus finibus dictum. Nulla lacinia euismod est. Mauris gravida gravida magna, a faucibus arcu vestibulum id. Donec id massa ut mauris mollis sodales. Aenean eget nisl urna. Donec risus orci, pharetra vel placerat nec, gravida at lacus.\nIn hac habitasse platea dictumst. Phasellus viverra nisl vitae iaculis commodo. Phasellus commodo massa eu est tincidunt posuere. Nullam pellentesque lacinia pharetra.",
		"imgURL": "https://picsum.photos/id/1050/400",
		"likes": 14,
		"comments": 4,
		"pinned": false,
		"liked": false
	}
}